{"cameraMode":{"drawMode":0,"name":"Shaded","section":"Shading Mode"},"sceneLighting":false,"audioPlay":false,"sceneViewState":{"m_AlwaysRefresh":false,"showFog":true,"showSkybox":false,"showFlares":true,"showImageEffects":true,"showParticleSystems":true,"showVisualEffectGraphs":true,"m_FxEnabled":true},"in2DMode":false,"pivot":{"x":0.13314533233642579,"y":1.4638512134552003,"z":-0.3334512710571289},"rotation":{"x":0.13955502212047578,"y":0.7007249593734741,"z":-0.14277410507202149,"w":0.684931218624115},"size":11.652918815612793,"orthographic":true}