{"cameraMode":{"drawMode":0,"name":"Shaded","section":"Shading Mode"},"sceneLighting":false,"audioPlay":false,"sceneViewState":{"m_AlwaysRefresh":false,"showFog":true,"showSkybox":false,"showFlares":true,"showImageEffects":true,"showParticleSystems":true,"showVisualEffectGraphs":true,"m_FxEnabled":true},"in2DMode":false,"pivot":{"x":-0.15769457817077638,"y":5.877013206481934,"z":0.13202571868896485},"rotation":{"x":-0.14081081748008729,"y":-0.020197970792651178,"z":0.0028733026701956989,"w":-0.9898267388343811},"size":6.284634113311768,"orthographic":false}