{"cameraMode":{"drawMode":0,"name":"Shaded","section":"Shading Mode"},"sceneLighting":false,"audioPlay":false,"sceneViewState":{"m_AlwaysRefresh":false,"showFog":true,"showSkybox":false,"showFlares":true,"showImageEffects":true,"showParticleSystems":true,"showVisualEffectGraphs":true,"m_FxEnabled":true},"in2DMode":false,"pivot":{"x":-0.9144533276557922,"y":-12.102424621582032,"z":0.9934749603271484},"rotation":{"x":0.6047006249427795,"y":-0.27555525302886965,"z":0.2348882257938385,"w":0.7093918919563294},"size":20.742238998413087,"orthographic":true}