{"cameraMode":{"drawMode":0,"name":"Shaded","section":"Shading Mode"},"sceneLighting":false,"audioPlay":false,"sceneViewState":{"m_AlwaysRefresh":false,"showFog":true,"showSkybox":false,"showFlares":true,"showImageEffects":true,"showParticleSystems":true,"showVisualEffectGraphs":true,"m_FxEnabled":true},"in2DMode":false,"pivot":{"x":2.5000057220458986,"y":-1.7999999523162842,"z":194.26463317871095},"rotation":{"x":0.16962257027626038,"y":-0.6585850119590759,"z":0.15594127774238587,"w":0.7163671851158142},"size":218.18328857421876,"orthographic":true}