{"cameraMode":{"drawMode":0,"name":"Shaded","section":"Shading Mode"},"sceneLighting":false,"audioPlay":false,"sceneViewState":{"m_AlwaysRefresh":false,"showFog":true,"showSkybox":false,"showFlares":true,"showImageEffects":true,"showParticleSystems":true,"showVisualEffectGraphs":true,"m_FxEnabled":true},"in2DMode":false,"pivot":{"x":-0.018055856227874757,"y":1.2128913402557374,"z":-0.021055102348327638},"rotation":{"x":0.13955502212047578,"y":0.7007249593734741,"z":-0.14277410507202149,"w":0.684931218624115},"size":1.8821420669555665,"orthographic":true}