{"cameraMode":{"drawMode":0,"name":"Shaded","section":"Shading Mode"},"sceneLighting":false,"audioPlay":false,"sceneViewState":{"m_AlwaysRefresh":false,"showFog":true,"showSkybox":false,"showFlares":true,"showImageEffects":true,"showParticleSystems":true,"showVisualEffectGraphs":true,"m_FxEnabled":true},"in2DMode":false,"pivot":{"x":-0.0537550151348114,"y":-0.20372089743614198,"z":0.05553212761878967},"rotation":{"x":0.13955502212047578,"y":0.7007249593734741,"z":-0.14277410507202149,"w":0.684931218624115},"size":0.7314825654029846,"orthographic":true}